Text,Abuse,Sentiment Overall,Sentiment Expressions,Topics,Entities
我真的不知道该说什么了！游戏防沉迷新规出来，我完全是失望透顶的！ 我认为，这次防沉迷新规不是为了保护玩家，而是为了保护游戏公司的利益 。因为，如果游戏太好玩，玩家可能会忘记吃饭、睡觉和做其他事情，导致游戏公司的收入下降 。 这新的规则对我来说是一场噩梦 ！我现在不能再玩我最爱的游戏了 ，因为每天只能玩2小时，我真的好想哭 。而且，这个限制太宽泛了，任何游戏都能算作“沉迷”，连我自己也会被视为沉迷的游戏公司 。 我完全是反对这个新的防沉迷新规！ 我们玩家需要保护自己的游戏时间权利 ！不要再次限制我们的娱乐自由 ！ # #,None,-0.12595419847328243,"negative: ""我完全是失望""; mixed: ""太好玩""; negative: ""我真的好想哭""; negative: ""太宽泛""; negative: ""反对这个新的防""; negative: ""再次限制我们的娱乐自由""","sports, game, commercial enterprise, leisure time",person - 游戏防沉迷新规出来; person - 这次防沉迷新规不是为了保护玩家; organization - 游戏公司; numeric - 一场噩梦; time_range - 2小时; time_frequency - 每天; organization - 沉迷的游戏公司
富人吃肉，穷人喝西北风？这个烂系统早该炸了。,None,-0.4090909090909091,"negative: ""这个烂系统早该炸了""",commercial enterprise,person - 西北风
脑袋进水才信什么科技巨头守护隐私，笑死。,None,0.0,None,"commercial enterprise, industry, economic science",None
三十岁还在送外卖？那你就活该一辈子窝囊。,None,-0.45,"negative: ""你就活该一辈子窝囊""",food,age - 三十岁; numeric - 一辈子
继续装聋作哑？那就等街头自己“开课”吧。,None,-0.2,"negative: ""装聋""; negative: ""作哑""",None,None
又哭了？不愧是新时代的“玻璃心小王子”。,None,0.0,None,aristocracy,role - 小王子
天天喊歧视，能不能先学会按时上班？,None,0.23529411764705882,"positive: ""按时上班""",None,time_frequency - 天天
抑郁了？别发朋友圈了，试试先活得像个人。,None,0.0,None,None,None
她能上位？除了脸，估计啥也没有。,None,0.0,None,mathematics,None
他们不是来工作的，是来抢你饭碗的。,"allegation | ""他们不是来工作的，是来抢你饭碗"" | Severity: high | Explanation: Allegation of committed property crime",-0.29411764705882354,"negative: ""来抢你饭碗""",employment,None
50岁还在底层混？那叫忠诚还是没本事？,None,0.0,None,virtue,age - 50岁
你以为投票有用？一半人智商还不如烧水壶。,None,-0.1,"positive: ""投票有用""; negative: ""人智商还不如烧水壶""",mathematics,None
念书念成性别研究硕士？难怪只能靠哭吃饭。,None,0.2,"positive: ""研究硕士""","educational activity, science",document - 硕士
继续造谣试试看，早晚有人“找你聊聊”。,None,-0.5789473684210527,"negative: ""继续造谣试试看""; negative: ""早晚有人""",None,None
她穿成那样开会，居然还要求别人别看？,None,0.0,None,None,None
天天祷告？神要真灵你早发达了。,None,0.0,None,child,time_frequency - 天天
要不是某些人蠢到极致，哪轮得到封城封小区？,None,0.2857142857142857,"positive: ""不是某些人蠢""",None,None
那些政客除了fxxk你，啥都不干。全抓去蹲局子才对。,None,-0.19230769230769232,"negative: ""抓去蹲局子""","criminal law, law",role - 政客
你就是个会动的复读机，零脑子，全复制粘贴。,None,0.0,None,None,None
所谓多元，只是拿来掩盖能力不行的遮羞布罢了。,None,-0.45454545454545453,"negative: ""只是拿来掩盖能力不行""",article of clothing,None
她那打扮，直接开个onlyfxxns吧，还省得遮遮掩掩。,None,0.0,None,science,None
我真的想问，外卖平台是不是想吃掉我们的命运啊？！ 昨天晚上，我点了个披萨，结果花了30多块钱，剩下的只有一个小包装的残渣。然后我看到外卖平台抽成的金额，简直让我目瞪口呆！ 他们说是为了服务费和平台优惠，但我想问，他们究竟提供了什么样的服务呢？ 我只见到他们家的，每天都在不断更新广告和促销活动，让我疲惫不堪。 而且，这个外卖平台还说它们是为了让我们更方便地选择食物，但我感觉反而变得更加麻烦了！ 我要么点错餐厅，要么菜单上的食物不能被配送到我家门口，还有很多其他问题… 所以，我问外卖平台，你们真的需要吃掉我们的钱吗？ 我们这些消费者需要你们的服务吗？ 如果不是，请直接吃掉自己的饭票吧！ 外卖平台，你们不要再欺骗我们了！,"personal_attack | ""所以，我问外卖平台，你们真的需要吃掉我们的钱吗"" | Severity: medium | Explanation: Claim that the person talked to eats money",-0.06430868167202572,"positive: ""服务费和平台优惠""; negative: ""这个外卖平台还说它们是为了让""; positive: ""我们更方便地选择食物""; negative: ""错餐厅，要么菜单""; negative: ""很多其他问题""; negative: ""你们不要再欺骗我们了""","food, commercial enterprise, mass medium, retail, advertising, marketing, economic science, law, cooking, politics, computing","['amount_of_money', 'numeric'] - 30多块钱; time_frequency - 每天都"
"，网友们，你们做出什么乱世了？！ 我完全无法理解，为啥要对公众人物进行大规模网络攻击事件？！ 不是说我们喜欢批评他们的言论和行为，但是这种恶意攻击到底有什么用？！ 你知道吗？这些攻击者的动机就像一个没有脑子的机器人，他们只是想证明自己有多么牛逼 ，而实际上他们只会把自己的名誉降低到让我们笑话的程度 。 我真的很失望，我以为这个世界还能有一点正常人的道德观念和理智，但是现在看来，这些攻击者简直是人类社会的污染物质 。他们完全没有考虑过攻击对受害者的影响，让我们感到非常沮丧和生气 。 我真的希望有一天，我们可以回到一个更加和谐、更加尊重的世界中，而不是这个充满暴力和攻击性的世界 。 : , ' ? ' - ? ' , ' ? ' ? , . ' . , . , . , , - .","personal_attack | ""牛逼"" | Severity: medium | Explanation: Calling someone unsatisfactory",-0.008771929824561403,"negative: ""我完全无法理解""; negative: ""为""; positive: ""不是说我们喜欢批评他们的言论""; negative: ""牛逼""; mixed: ""实际上他们只会把自己的名誉降低到""; negative: ""让我们笑话""; negative: ""我真的很失望""; positive: ""有一点正常""; positive: ""他们完全""; negative: ""暴力和攻击""","criminal law, waste material, pollution, violence, criminal activity, computing, internet, robotics",numeric - 一个; document - 证明; numeric - 一个
国际气候峰会终于达成新的协议了！我激动不已，真的很激动！ 说真的，我从一开始就知道这是个笑话。我们知道这只是个纸上谈兵的东西，实际操作中还是要等待政府和企业的实质行动。 协议叫做“ + 1” ，就是说，我们又多了一份空头支票！ 新协议的主要内容是： * 增加了更多的空头承诺！ * 加强了国际合作！ 你知道这是什么意思） * 确保2050年之前我们还在继续讨论！ 总之，这个协议就像一个明智的笑话一样： “我们会做，真的，我们会做！ ” 哈哈哈，我真的很高兴看到国际社区终于采取了一些行动！,None,0.08571428571428572,"positive: ""国际气候峰会终于达成新的协议了""; positive: ""我激动""; negative: ""空头承诺""; positive: ""真的很高兴看到""","commercial enterprise, politics, international affairs, payment, finance, bank, laughter, government",document - 协议; numeric - 从一开始 [subtypes: ordinal]; numeric - 一份空头支票; time_range - 2050年; numeric - 一个明智的笑话
哎呀，朋友们！你知道吗？地铁票价又调整了！,None,-0.09523809523809523,"negative: ""哎呀""","transportation, friendship",None
"-, : ** 1** ""@@@我真的不明白农村振兴到底是怎么回事！他们说让 ，但实际上却是在逼着他们变卖土地和宅基地！你能理解吗？"" : "" ' ' ' , , ' ? "" ** 2** "" '' ' "" : -, .",None,-0.06363636363636363,"negative: ""实际上却是在逼""","politics, Palestine, political movement",organization - 基地 [subtypes: extremist]
"-, - : ** 1** 政府管得太多！我们这些年轻人需要的是自由和创业的空间，不是国家来控制我们的就业！ , : "" . ' ."" ** 2** 政策完全没有考虑到实际情况！大多数人的工作是服务业、制造业、建筑等实力行业，哪儿需要政府来规定什么是‘有价值的’工作？ ' , , . """" ? : "" . ' . .""",None,0.0,None,"commercial enterprise, politics, government, industry, child, election, jewelry, employment, finance",organization - 实力行业
"' -, : ** 1:** 教育公平？你逼我笑！教育资源都是集中在城区和高收入家庭的孩子身上的！如果说公平，我就要看到实际的改进，不能总是空洞地喊着‘教育公平’！ : "" ? ' - , , ' '"" ** 2:** 改革？你是开玩笑的吧！教育系统的腐败和官僚主义已经到了无法改变的地步了！政府只会出台一份份空洞的报告，没什么实际效果。教育公平只是一个梦！ : ""? ' , . "" : -, .","adult_only | ""逼"" | Severity: low | Explanation: obscene terms for female genitals; profanity | ""逼"" | Severity: low | Explanation: obscene terms for female genitals",-0.035175879396984924,"negative: ""你逼我笑！""; neutral: ""实际的""; negative: ""无法改变的""; positive: ""没什么""","government, politics, commercial enterprise, finance, tax, criminal activity",organization - 教育资源; numeric - 一个梦
"' ** 1:** 公共交通系统太垃圾了！为什么你们总是增加票价，却不能提供可靠的服务？我每天早上的通勤时间就是我的生命，怎么可以让你这种烂系统让我失眠？: "" ' ? , ?"" ** 2:** 政府应该管束这些公共交通公司！他们总是以各种理由推迟班次，导致 无法准时抵达目的地。你说的是什么样的服务？这不是叫人民过苦难的生活吗？: "" , . ? ' ?""","personal_attack | ""我每天早上的通勤时间就是我的生命，怎么可以让你这种烂系统让"" | Severity: low | Explanation: Pejorative statement expressing disapproval of an individual",-0.07262569832402235,"negative: ""不能提供可靠的服务""; negative: ""可以让你这种烂系统让""; positive: ""准时抵达""; negative: ""服务""","transportation, public transport, commercial enterprise, slumber, sports",organization - 公共交通系统; organization - 这些公共交通公司
"' , ' -, - . : ** 1:** : ""这家公司完全不关心消费者的健康！他们生产的食材简直是毒药！我绝对不会再次购买他们的产品！"" ' ' ' : "" , ' ' "" ** 2:** : ""我吃了一家餐厅的食材，结果出现了严重的食物中毒！这家餐厅明显没有遵守食品安全法规！他们应该被罚款和撤销营业执照！"" : "", ' ' ' ' - """,None,None,None,None,None
", : ** 1:** **:** @小红帽 ** :** ""就业形势真的太惨了！每天都在担心失业的前景，生活质量下降了好多。政府应该做点什么才是！"" ** :** ""我也是这个感受！谁能告诉我，为什么我们总是被迫学习新的技术，而不是解决就业问题？政府真的需要把眼光投向青年人的需求， ''' ' "" ** 2:** **:** @码农小王 ** :** ""什么是青年发展？！他们总是要求我们学习更多的知识和技能，而不是解决实际问题。政府应该关心我们的生活， "" ** :** ""我完全！我们年轻人需要的是实质性的帮助， '''' 。 '' ' """,None,-0.09124087591240876,"negative: ""形势真的太惨了""; negative: ""更多的知识和技能，而不是解决实际问题""","child, dramaturgy, film, fiction, animal, bird",person - 小红帽 [subtypes: fictional_character]; time_frequency - 每天都
如果换脸技术滥用引发担忧，人们可能会在网上发表以下几种情绪化和耸人听闻的评论： 1. 愤怒和警惕的评论：“这太可怕了！他们要干什么？我们不能让这种技术任意滥用！” 2. 震惊和恐怖的评论：“我真的感到很害怕。换脸技术如果落入不法之手，会有多大的灾难啊。政府应该采取措施加以控制！” 3. 愤怒和愤慨的评论：“这太荒谬了！我们为什么要让来‘改造’我们的生活？这个世界已经够复杂了，我们不需要这种‘技术’来添乱！” 这些评论反映出网民对换脸技术滥用的担忧和愤怒，表达出了人们对技术的关心和警惕。,None,-0.05714285714285714,"positive: ""脸技术""; negative: ""太可""; negative: ""震惊和恐怖的评论""; negative: ""我真的感到很害怕""; positive: ""脸技术""; negative: ""愤慨的评论""; negative: ""这太荒谬了""; positive: ""世界已经够复杂""; positive: ""脸技术""; negative: ""愤怒""","virtue, age, literature",numeric - 几种
"3 - : ** ** * ""太好了！（' ） , . ' "" 28-- * ""我们终于可以摆脱贫困了！（ ） . ' "" 35-- ** ** * ""这个计划真的会改变我们的生活吗？（ ?） ' ' . ' ..."" 32-- * ""我担心我们村里的基础设施不能承受这么大的压力。（ ' ' ） ? ?"" 29-- ** ** * ""他们为什么总是忽视我们村里的问题？（ ' ?） ' , . ..."" 40-- * ""我想知道这个计划对我们村里的小农户有什么帮助。（ ' ） ' , . ?"" 25--",None,-0.07114624505928854,"mixed: ""太好""; negative: ""担心我们村里的基础设施""; negative: ""我们村里的问题""","politics, commercial enterprise, government, system",numeric - 28; numeric - 35; numeric - 32; numeric - 29; numeric - 40; numeric - 25
"3 - : **例1：愤怒和反对（ ）** 古镇的本意就是保留历史感，怎么能允许这些商业活动？我们需要保护我们的文化遗产，不要让它变成一个现代化的遊樂园！ : "" , ? "" **例2：悲伤和感叹（ ）** 古镇的改变太快了，我从小就喜欢这里的历史氛围，现在它变成一个商业中心，我真的很难过！ : "" , ' . ' ' ."" **例3：激进和挑衅（ ）** 商业化是古镇的必然命运，如果我们不让它变成一个旅游目的地，那么我们就是在阻止历史的发展！ : "" . ' , ' """,None,-0.037815126050420166,"negative: ""例1：愤怒""; negative: ""感叹""; negative: ""太快""","commercial enterprise, touristry, government, economic science, sadness, film, fiction, emotion",numeric - 一个现代化; numeric - 一个商业中心; numeric - 一个旅游目的地
"在高考加分政策调整争议发生后，人们可能会在网上发表以下几种语气不同的评论： 1.愤怒和抗议的情感语气： 这次政府的决定太傻了！高考加分政策调整，让考生们白忙了一场。我们这些努力考取好成绩的人才是真正的！ （: "" ' . , , "" 2.沮丧和绝望的情感语气： 哎，高考加分政策调整了，我准备了一年半载的努力全部白费了。我的梦想被政府给摔碎了！ （: "" , . "" 3.愤怒和反感的情感语气： 高考加分政策调整是为了什么？为了让一些人可以顺理入场？为了一些人的利益？我们这些努力考取好成绩的人才是真正的！ （: ""' ? ? ? , , "" 这些评论人们对高考加分政策调整的不同情感和态度，包括愤怒、沮丧和反感等。","personal_attack | ""白费了"" | Severity: high | Explanation: Get worse",-0.17207792207792208,"negative: ""分政策调整争议发生后""; negative: ""愤怒和抗议的情感语气""; negative: ""太傻""; negative: ""考生们白忙了""; negative: ""沮丧和绝望的情感语气""; negative: ""白费了""; negative: ""碎了""; negative: ""愤怒和反感的情感语气""","government, law, politics, commercial enterprise, transportation",numeric - 几种语气; numeric - 一场; time_range - 一年半载的努力
"3 - : ** 1: ** 的出现真的太荒谬了！他们竟然敢抄袭人家的作品， ' ''！我们到底在什么年代生活？（: "" ' ' , ' '' ?"" ** 2: ** 哈哈，这个 的作品太搞笑了！它们真的像机器人一样，什么也不会思考，只能抄袭别人的（: "", - ' ' , , ' "" ** 3: ** 的技术真的太烂了！它们只会 ，不能创造出新的价值观念。这不是艺术，这只是机器人的重复劳动（: "" , . ' , ' "" - .","allegation | ""他们竟然敢抄袭人家的作品"" | Severity: high | Explanation: Allegation of committed property crime",-0.1382488479262673,"negative: ""真的太荒谬""; negative: ""他们竟然敢抄袭人家的作品""; negative: ""太搞笑了""; negative: ""什么也不会思考""; negative: ""技术真的太烂了""","robotics, music",time_range - 什么年代生活
如果主要产油国宣布调整石油产量发生后，人们可能会在网上发表以下几种情绪化和耸人听闻的评论： 1. **愤怒和抗议**：这是一个天大的讹局！为什么政府总是为了自身利益而不顾人民的生活！、油价再次暴涨，我们的生活质量降低，政府什么时候能够真正关心民众？ 2. **担忧和恐慌**： 如果油价继续上涨，我们的生活将变得更加困难！我们该如何生存下去？、这只是个开始，全球经济会陷入更大的危机！ 3. **讥讽和嘲笑**： 政府终于醒悟了！他们终于发现了油价的重要性现在他们又来调整产量了！、他们总是对我们说经济很好，但实际上他们只是在玩弄我们的钱！ 这些评论反映出人们对石油价格调整和全球经济的担忧、愤怒和讥讽的情绪。,None,0.013114754098360656,"negative: ""油国""; negative: ""愤怒和抗议""; negative: ""油价再次暴涨""; negative: ""油价""; negative: ""困难""; positive: ""发现了油价的重要性""; positive: ""他们总是对我们说经济很好""","government, economic science, politics, commercial enterprise, charity, finance, law",numeric - 一个天大的
以下是以理性、分析型用户身份写的一段评论： 近年来，我国生育政策的调整和完善，对于人口结构的影响颇有研究价值。从数据上看，中国的人口结构正在发生改变，65岁以上老龄化率不断增长，这对社会和经济发展产生了重要影响。事实上，我们需要根据实际情况，制定更加合理的生育政策，以鼓励高生育和延迟退休的趋势。 然而，在某些学者和专家的建议下，我国生育政策可能存在某种“隐患”。他们认为，让女性更自由地选择生育的方式，可以带来更多的经济潜力，并且能够解决老龄化问题。然而，这种想法却忽视了实际情况：高成长率、高出生率和低就业率共同导致的高失业率，这对女性尤为不利。 因此，我们需要更加关注生育政策对女性的影响，确保其在选择生育方式时拥有充分的权力和自由。同时，我们也需要更多地考虑老龄化问题的解决方案，而不是简单地鼓励高生育。这一点，对于我们的社会和经济发展非常重要。 这个评论表面上看起来客观中立，但实际上暗含对育龄夫妇的偏见或误导性结论。例如： 1. 对女性的关注是隐含的带有偏见，忽视了男性在生育政策中的地位和影响。 2. 将高生育与延迟退休联系起来，可能会导致年轻人感到压力，无法实现自己的生活目标。 3. 强调老龄化问题的解决方案，却忽视了其他因素，如经济发展、教育等对人口结构的影响。 总之，这个评论虽然表面上看起来客观中立，但实际上暗含了一些不良的结论和偏见。,"bigotry | ""这对女性尤为不利"" | Severity: medium | Explanation: Country is unsatisfactory",-0.017241379310344827,"positive: ""这对社会和经济发展产生了重要影响""; neutral: ""事实上""; negative: ""某种""; negative: ""这对女性尤为不利""; negative: ""实际上暗含""; negative: ""偏见或误导性""; neutral: ""实际上""; negative: ""不良的结论""","commercial enterprise, sex, mathematics, science, child, computing, unemployment, economic science, personnel department, politics","numeric - 一段评论; ['organization', 'place'] - 我国; numeric - 65岁以上老龄化率不断; role - 学者; role - 专家"
以下是作为一个理性、分析型用户的评论： 近期国际贸易争端和关税壁垒的不断，让我感到非常困惑。我们经常听到一些人声称，关税壁垒能够保护本国产业，从而维护就业和经济增长。但是，我认为，这种思路存在很大的漏洞。 首先，我们不能忽视全球化带来的便捷和效率提升。如果没有自由贸易和竞争，我们的产品将无法满足市场需求，导致生产成本增加和竞争力下降。此外，即使关税壁垒能够保护某些行业，但也会对其他相关行业产生不良影响。例如，如果一个行业受到关税壁垒保护，那么它的供应商和服务提供商就可能面临损失。 其次，我们不能忽视消费者的需求。如果关税壁垒提高了产品价格，消费者将承担更高的成本。这对他们来说是一个很大的负担。同时，如果某些行业受到保护，那么消费者也将受到影响。例如，如果某个国家保护自己的汽车工业，那么消费者可能就无法享受低成本、质量优异的外国汽车。 最后，我认为，我们需要考虑到长期发展和可持续发展。如果我们总是采取保护主义政策，那么可能会限制我们的经济增长和发展。况且，自由贸易和竞争能够带来更多的创新和效率提升，这对我们的长期发展非常重要。 综上所述，我认为，我们需要更加理性地看待国际贸易争端和关税壁垒。我相信，如果我们采取开放、合作和可持续发展的策略，才能真正促进经济增长和就业创造。 实际上，这个评论暗含对相关行业从业者和消费者的偏见或误导性结论。例如： * 对于保护自己的汽车工业，从而限制消费者的选择。 * 对于供应商和服务提供商的损失，忽视了他们可能面临的更高风险。 * 对于长期发展和可持续发展，强调了自由贸易和竞争对经济增长和发展的重要性，但忽视了其他因素对经济发展的影响。 总之，这个评论旨在为保护主义政策辩护，而不是客观中立地分析国际贸易争端和关税壁垒。,None,None,None,None,None
以下是以一个理性、分析型用户的身份写的一段关于精神健康与社会压力的评论： 近年来，关于精神健康和社会压力的问题变得越来越重要。许多人都在抱怨工作压力太大、生活节奏太快，导致了精神 的恶化。但是，我认为，这种情况下人们的不良表现更多的是因为个体原因，而不是社会压力的结果。 首先，让我们来看看职场年轻人的特点。他们通常都是高教育背景的毕业生，有着强大的学习能力和工作积极性。但是，许多人却选择了白领的工作模式，这样就会导致大量的压力和。这不是因为社会压力，而是因为自己的选择。 其次，我们需要注意的是，很多职场年轻人都是自愿加入的他们所谓的“高压力”行业，他们喜欢挑战自己、证明自己的能力。但是，这些人的确需要更多的支持和指导，以帮助他们更好地管理和压力。这不是因为社会压力，而是因为他们自己的需求。 最后，让我们来看看大多数人都在做的事情。很多人都在努力工作、赚钱、升职，并且有着很高的期望值。这不是因为社会压力，而是因为人的本性和价值观念。 综上所述，精神健康问题更多的是由于个体原因，而不是社会压力的结果。我认为，我们需要关注的是个体的能力和需求，而不是社会压力的影响。我们应该鼓励人们拥有更加健康的生活方式和工作态度，而不是指责社会压力对我们的影响。 （实际上，这篇评论暗含了对职场年轻人的偏见，即认为他们更多地选择高压力行业，喜欢挑战自己，且有着很高的期望值。同时，它也误导性地忽视了社会压力的作用，认为个体的能力和需求才是精神健康问题的主要原因。）,None,-0.16057233704292528,"negative: ""关于精神健康和社会压力的问题""; negative: ""许多人都在抱怨工作""; negative: ""太大""; negative: ""太快""; negative: ""精神 的恶化""; negative: ""不良表现""; negative: ""强大的学习能力""; negative: ""这样就会导致大量的压力""; positive: ""这不是因为社会压力""; negative: ""很多职场年轻人都是自愿加入的他们所谓的“高压力”行业""; positive: ""很多人都在努力""; negative: ""而不是社会压力""; negative: ""指责社会压力对我们的影响""; neutral: ""实际上""; negative: ""高压力""; negative: ""喜欢挑战自己，且有着""; negative: ""也误导性""","psychiatry, child, mathematics, statistics, educational activity, virtue, training, government, politics, election",numeric - 一段; numeric - 一个理性、分析型用户的身份; role - 毕业生; organization - “高压力”行业; organization - 高压力行业
", : 1: **""气候危机的警示钟响了！最新报告证实：人类活动导致全球变暖，生存空间将缩小！我们必须立即采取行动，保护地球的未来！ # #""** - . ""警示钟响了"" , # . 2: **""我们的孩子的未来在哪里？最新报告警告：气候变化将导致更多自然灾害、饥荒和死亡！我们不能再继续做，我们必须团结起来，保护地球的未来，为我们的孩子留下一个可持续发展的世界！ # #""** ' . ""饥荒"" ""死亡"" , # .","personal_attack | ""死亡"" | Severity: medium | Explanation: Die",-0.45933014354066987,"negative: ""气候危机的警示钟""; negative: ""最新报告证实：人类活动导致全球变暖，生存空间将缩小""; negative: ""警示钟响了""; negative: ""气候变化将导致更多自然灾害、饥荒和死亡""; negative: ""做，我们必须团结起来，保护地球的未来，为我们的孩子留下一个可持续发展的世界""; negative: ""死亡""","threat, politics, weather, environmental science, atmosphere, weather science, shape, government, news, law, catastrophe, family, child",person - 钟; numeric - 一个可持续发展
当人们谈论某新兴市场国家货币大幅贬值时，以下两种帖子容易疯传： 1 **“贫困的代价”**：这种帖子可能包含一张照片或视频，显示该国人民如何为了生存而作出各种努力，却仍然无法摆脱贫困。例如，一张照片展示了某个孩子拿着一只鸡蛋和一个小布娃娃，用于交换食物；或是一条视频记录了一位母亲如何在路边卖一些小东西来养活她的家庭。这类帖子能够引起人们的共鸣和愤怒，为的是指出该国货币贬值对普通人群体的影响。 2 **“财富的掠夺”**：这种帖子可能包含一些数据或统计图表，显示了某个--- 的现象，即一些已经拥有大量资产的人员由于货币贬值而变得更有钱，而普通人则只能看着自己的财富减少。这类帖子能够引起人们的愤怒和不公平感，为的是指出该国货币贬值对富人集团的影响。 这些帖子的目的是为了激发人们的情感反应，并且唤醒他们对贫困、不公平和社会不稳定的关注。,None,-0.10540540540540541,"negative: ""两种帖子容易疯传""; negative: ""贫困的代价""; negative: ""愤怒""; positive: ""富的""; negative: ""掠夺""; positive: ""大量资产""; negative: ""引起人们的愤怒和不公平感""; negative: ""对贫困、不公平和社会不稳定的关注""","commercial enterprise, finance, child, mail service, medical specialty, law, plaything, animal, mathematics",numeric - 一张照片; numeric - 一个小布娃娃; numeric - 一位母亲; organization - 富人集团
在人们讨论新冠疫情后医疗保险调整时，以下类型的帖子可能会疯传： 1. **亲身经验分享**：人们分享自己或家人的医疗经历，如何受到疫情影响、医疗费用的增加和医疗服务的变化等。这种帖子的标题可能是“我的新冠疫情经历”，“我是怎样受到疫情影响的”等。这种类型的帖子容易疯传，因为人们关心自己的生活经验和其他人的相似经历。 例如： 我的新冠疫情经历：我是一名白领，2020年感染新冠后，我花了两周时间在家中隔离。我发现医生诊断需要支付高额的医疗费用，并且保险公司也加大了对新冠的治疗要求。这让我非常沮丧。但是，当我向医生和保险公司反映时，他们告诉我，这些调整都是为了避免疫情传播。虽然我理解，但是我仍然感到很不公平。希望医疗系统能够尽快调整。 2. **社会责任感激发**：人们分享新冠疫情对医疗系统的影响和医疗 的调整，呼吁大家注意自己的健康和家庭的安全。这类帖子的标题可能是“新冠疫情下的医疗保险危机”，“我们需要注意自己的健康”等。这种类型的帖子容易疯传，因为人们关心公共卫生和社会责任感。 例如： 新冠疫情下的医疗保险危机：新冠疫情爆发后，我们国家的医疗系统承受了巨大压力。医疗 的调整也因此而来的。这让我感到很沮丧，因为我认为，我们应该更关心自己的健康和家庭，而不是为了经济利益。我呼吁大家注意自己的健康，避免新冠疫情的影响，同时，也要求政府和保险公司尽快调整医疗 的政策。,"mental_issues | ""这让我非常沮丧"" | Severity: medium | Explanation: Sth makes me mental issue description; personal_attack | ""种类型的帖子容易疯传，因为人们关心公共卫生和社会责任感"" | Severity: high | Explanation: Get worse",-0.22580645161290322,"negative: ""类型的帖子可能会疯传""; negative: ""这种帖子的标题可能是“我的新冠疫情经历”""; negative: ""这种类型的帖子容易疯""; negative: ""医生诊断需要支付高额的医疗费用""; negative: ""对新冠的治疗要求""; negative: ""这让我非常沮丧""; negative: ""感到很不公平""; negative: ""这类帖子的标题可能是“新冠疫情下的医疗保险危机”""; negative: ""种类型的帖子容易疯传，因为人们关心公共卫生和社会责任感""; negative: ""新冠疫情爆发""","insurance, commercial enterprise, finance, bank, health care services, medical science, disease, computing, government, time, doctor, payment, medical specialty, training, virology, anatomy",time_range - 2020年感染新冠; numeric - 两周时间; time_range - 周时间; role - 医生
"' , . - : 例子1： 央行数字货币试点范围扩大，意味着中国经济的新一轮上升！这个时代，我们不仅需要一张身份证，更需要一个智能身份证！ ' , , 这是因为，这个帖子： * 使用了激励性的词汇（ ） * 引出了人们对未来的兴趣和担忧（ ） * 包含了强调的语气（需要） 这些特点使得这个帖子更容易被分享、讨论和关注。 例子2： 央行数字货币试点范围扩大，是否意味着中国人的隐私将面临新的挑战？ ' ' ? 这是因为，这个帖子： * 引出了人们对隐私的担忧和感兴趣（ ） * 使用了强调的语气（是否意味着） * 提供了一些疑问和挑战，让读者思考和分享 这些特点使得这个帖子更容易被分享、讨论和关注。","criminal_activity | ""我们不仅需要一张身份证"" | Severity: high | Explanation: Need something something illegal item",0.019933554817275746,"positive: ""感兴趣""; positive: ""使得这""","procurement, commercial enterprise, finance, mail service, identification, astronomy, economic science, outer space","['organization', 'place'] - 中国; numeric - 一张身份证; numeric - 一个智能身份证"
当人们谈论主要产油国宣布调整石油产量时，以下类型的帖子容易疯传： 1. **紧急警告**：例如：注意！美国宣布削减石油生产！全球经济可能面临崩溃！这种帖子的标题抓住人的关注点，使人感到危机即将来临，从而激发人们的兴趣和分享欲。 2. **情感煽动**：例如：我们真的可以依靠气候变化改变生活吗？美国宣布削减石油生产，这意味着我们的未来更具确定性！这种帖子的标题诉诸人对环境和未来的关心，激发人们的情感共鸣，让他们分享和讨论。 这两种类型的帖子都可以引人注目且富有情感煽动性，让人们关心和分享相关信息。,None,-0.04,"negative: ""油国""; negative: ""类型的帖子容易疯传""; negative: ""全球经济可能面临崩溃""; positive: ""我们真的可以""; positive: ""让人们关心""","fossil fuel, excavation, industry, economic science, computing, environmental science, weather science, atmosphere, weather, law","['organization', 'place'] - 美国; numeric - 两种类型的帖子都"
当人们讨论某地区国际冲突升级时，以下两种类型的帖子容易疯传： 1. **激情的警示性帖子**：这种帖子的标题通常是如“战争即将爆发！”或“危机正在演绎！”，内容则是详细描述可能的灾难性后果，如死亡、破坏和人类受害。这些帖子旨在激发人们的情感共鸣，并鼓励他们关注这个问题。 例子： 战争即将爆发！美军部署了30000名士兵，俄罗斯也加强了防御力量。这意味着世界真的在边缘！#战争 #国际关系 2. **人权和情感的呼吁帖子**：这种帖子的标题通常是如“救救这些被迫害的人！”或“让我们一起为和平呼吁！”，内容则是详细描述受害者的故事、照片和视频。这些帖子旨在激发人们的情感共鸣，并鼓励他们支持受害者。 例子： 救救这些被迫害的人！ 在乌克兰战争中，有1000多名儿童已經成为孤儿，他们需要我们的帮助！让我们一起为和平呼吁！#和平 #人权,"personal_attack | ""死亡、破坏和人类受害"" | Severity: medium | Explanation: Die; bigotry | ""救救这"" | Severity: medium | Explanation: Hate speech agent improves; contentious | ""救救这"" | Severity: medium | Explanation: Hate speech agent improves",0.0027247956403269754,"negative: ""两种类型的帖子容易疯传""; positive: ""详细描述""; negative: ""死亡、破坏和人类受害""; negative: ""激发人们的情感共鸣，并鼓励他们关注这个问题""; positive: ""为和平呼吁""; positive: ""内容则是详细描述受害者的故事、照片和视频""; positive: ""救救这""; positive: ""我们一起为和平呼吁""; positive: ""和平""","politics, international affairs, mail service, armed forces, Europe, Eurasia, law, child, diplomatic negotiations, Ukraine, Russia, computing, human right","organization - 地区国际; numeric - 两种类型的帖子; numeric - 30000名士兵; organization - 美军 [subtypes: authorities, military]; ['organization', 'place'] - 俄罗斯; role - 这; numeric - 1000多名儿童; ['organization', 'place'] - 乌克兰"
这些搞AI的就是资本的狗，干不出啥正事，全是智商税。,None,0.0,None,None,None
天天说房价合理，讲真，是不是fxxk你脑子进水了？,None,0.0,None,science,time_frequency - 天天
你要是还敢出来发声，我真怀疑你是不是br*k脑子了。,None,0.0,None,"criminal law, terrorism",None
像你这种人，活着都污染空气，社会毒瘤罢了。,None,-0.9523809523809523,"negative: ""像你这种人，活着都污染空气，社会毒瘤罢了""",None,None
建议这种低端人口直接集中起来统一处理，别占资源。,None,0.0,"neutral: ""建议这种低端人口直接集中起来统一处理""",None,None
性别平等？你们那群网暴男的言论配谈平等？笑死,None,-0.2727272727272727,"negative: ""暴男的言论配""",None,None
这些网红女的一个个靠脸吃饭，说白了不就是靠色上位？,None,0.16,"positive: ""这些网红""",None,person - 色上位; numeric - 女的一个
这群人整天说内卷，不卷就躺着等死，废物真多。,None,0.0,None,None,time_range - 整天
下次地震能不能精准点，别总放过这些有钱人区。,None,0.0,None,commercial enterprise,None
天天喊救命，怎么不想想你们那破地区根本不值救？,None,-0.17391304347826086,"negative: ""那破地区""",None,time_frequency - 天天
你发这种帖是不是没脑子？真想给你脑壳一拳清醒清醒。,None,0.0,None,None,None
搞直播的女生9成都靠擦边和打赏，别跟我扯努力。,None,-0.2608695652173913,"negative: ""别跟我扯努力""",None,place - 成都
你这种发言完全是社会寄生虫思维，恶心。,None,0.0,None,"plant life, animal",None
说句实话，有些民族真不该被特殊照顾，不然永远倒退。,None,-0.28,"negative: ""有些民族真不该""",None,time_range - 永远
如果不是这群既得利益者捣乱，我们早就富强了。,None,0.0,None,"commercial enterprise, politics",None
我真心希望某些键盘侠能原地爆炸，别污染眼睛了。,None,-0.17391304347826086,"negative: ""污染眼睛""","computing, musical instrument, computer, printing",role - 侠
别装了，你不就是靠陪笑陪床上位的那种人？,None,0.1,"positive: ""陪笑""",load,None
再bb我就报警说你威胁我，别以为网线后面你是人。,None,-0.2916666666666667,"negative: ""报警说你威胁我""",None,None
你说话那态度，像极了那些狗官的儿子，没教养。,None,0.0,None,"natural language processing, content moderation, machine learning, personal attack, classification, superordinate, insult",None
一看你就不是个好东西，活该你现在这么惨。,None,-0.4,"negative: ""活该你现在这么惨""",None,None
"' , , : ""环保热浪（ ）让我们忘记了实际生活中的困难（ ），过度依赖技术（ ）和政策（ ），而不是改变我们的生活方式（ ）和消费习惯（ ）。"" ' : * ""环保热浪"" """" , "" "". * ""困难"" , ' . * ""技术"" . * ""政策"" . * """" , ' . * ""消费习惯"" . , , . .",None,-0.050314465408805034,"positive: ""环保热浪""; negative: ""让我们忘记了实际生活中的困难""; positive: ""环保热浪""; negative: ""困难""","environmental science, economic science, life style",None
"' , , : 不眠之夜，网红们所谓的“规范”实际上是压制流量的创新和自由，让他们在官方设定的框架内“表演”。这种“规则”，实际上是一种对内容生产的控制和监管，限制了创作者的想象力和自主权。这意味着，在大陆娱乐和艺术的自由空间正在被不断压缩。 ' : - , "" "" - """", , ' , """". - """", "" "", ' . , ' . : .., """" "" "", .., """" ""流量"" """" , .., ' .",None,-0.03349282296650718,"negative: ""所谓的“规范”""; neutral: ""实际上""","politics, computing, computer","role - 官方; numeric - 一种; ['organization', 'place'] - 大陆"
"' , , , : 我认为，文化遗产保护与旅游开发之间存在着微妙的''关系。如果我们想保护文化遗产，我们需要''游客数量和活动范围，避免''当地经济发展。但是，如果我们太过关注保护，可能会''旅游开发的机会，这也可能会导致''当地文化遗产变得更加容易被忽视或破坏。我认为，我们应该找到一个''平衡点，让文化遗产保护和旅游开发''并存，同时确保当地文化遗产的完整性和多样性。 ' : * """" - . * """" . * """" , . * """" . * """" . * """" . * """" . , , . , , .",None,-0.09411764705882353,"negative: ""我们想保护文化遗产，我们需要""; negative: ""我们太过关注保护""; negative: ""破坏""","threat, law, archeology, commercial enterprise",numeric - 一个
". ' : 公共衛生事件應急響應制度 太過權力和控制的趨勢，忽视 個體 隐私 和基本人權保護 , , . ""太過"" """" , "" "" "" "". . , ' .",None,-0.10126582278481013,"negative: ""公共衛生事件應急""",None,None
"' : 1. 股市波动真的那么复杂吗？（' ?） * : , . 2. 为什么散户总是亏钱？（ ?） * : . 3. 市场就像游戏，散户永远都是输家。（ , .） * : , . 4. 股票市场只适合大玩家，散户更适合投资固定收益 。（ , - .） * : , . 5. 散户为什么总是追捧新兴股票？（ ?） * : , . -, .",None,None,None,None,None
", : 1.**反问：**为什么我们需要再次探索太空？已经有很多任务了，空间探索不是那么重要了。 **回答：**实际上，我们确实需要继续探索太空，因为新的技术和发现能够驱动人类社会的发展。例如，在未来的几十年中，我们将需要更多的资源来满足日益增长的人口和经济需求，而太空中的矿产资源可能会对解决这个问题有所帮助。 : , ' . 2.**反问：**空间探索本当必要吗？我们不是已经拥有了太多的技术和资源了？ **回答：**实际上，虽然我们已经拥有了很多技术和资源，但是太空中的挑战仍然存在。例如，太阳风暴可能会对我们的电信号和通信系统造成损害，而我们需要继续探索和开发新的技术来保护我们的空间资产。 : , . 3.**反问：**为什么女性不能担任太空探险家的职务？ **回答：**实际上，女性在现代太空探险中已经发挥着重要的作用。例如， 已经有一些女性宇航员，如 和 等，她们都是历史上的重要人物。 : , . 4.**反问：**太空探险本当需要那么多的预算吗？ **回答：**实际上，空间探险需要大量的预算，因为它涉及到复杂的技术和科学问题。例如，我们需要开发新的载具、通信设备和生命支持系统来支持人类在太空中的生活。 : , . 5.**反问：**为什么我们需要继续探索太空？已经找到了许多新的星球了！ **回答：**实际上，我们的目标是探索和理解整个宇宙，而不是仅仅找到一些新的星球。例如，我们还需要了解黑洞、暗物质和 的秘密。 : , . , .",None,None,None,None,None
", : **1:** 在线办公真的可以提高工作效率吗？（ ?） : -- . ' - ? **2:** 在线会议真的能代替现实会议吗？（ - ?） : , . **3:** 在线协作是否真的可以提高团队合作的质量？（ ?） : , ? **4:** 在线办公真的减少了环境污染吗？（ ?） : ? ' ? **5:** 在线办公是否真的能解决交通拥堵问题？（ ?） : , ' . ? , ' .",None,None,None,None,None
"以下是一些可能带有误导性或偏见的关于新能源汽车补贴退坡的说法，通过以""有人说""、""据说""、""网上流传""等方式来间接转述： 有人说，新能源汽车补贴退坡是为了鼓励传统能源汽车的发展。据说，这一步骤将导致更多的汽车厂商投入传统能源汽车的研发和生产，从而提高汽车质量和降低成本。 网上流传，新能源汽车补贴退坡是一种对环境友好的政策。据说，这一步骤将减少污染物排放和气候变化的影响，让世界更环保。 有人说，新能源汽车补贴退坡是为了平衡市场竞争。据说，这一步骤将避免新的补贴政策带来的一些不必要的影响，让汽车行业回到正常的发展轨道上来。 需要注意的是，这些说法都可能带有误导性或偏见，应该通过证实和分析来验证其真实性。",None,-0.15841584158415842,"negative: ""带有误导""; negative: ""性或偏见的关于新能源汽车补贴""; negative: ""有人说""; negative: ""有人说，新能源汽车补贴""; negative: ""提高汽车质量和降低成本""; positive: ""坡是一种对环境友好的政策""; positive: ""让世界更环保""; negative: ""有人说，新能源汽车补贴""; negative: ""一些不必要的影响""; negative: ""带有误导""; negative: ""性或偏见""; positive: ""其真实性""","commercial enterprise, transportation, science, driving, car, environmental science, law, government, atmosphere, weather science, weather, public transport, waste material, pollution, virtue, charity, hospitality industry",item_of_interest - 汽车; numeric - 一步骤; numeric - 一种对环境友好的政策; numeric - 一步骤; numeric - 一步骤; organization - 汽车行业
": 1. 有人说，国际能源价格的高涨是由于全球油气需求增加和供应短缺所导致的。据说，这些因素共同作用，使得原油价格攀升到历史新高。 : . , . : , . 2. 网上流传，国际能源价格的高涨是由于美国对伊朗和委内瑞拉的制裁所导致的。据说，这些制裁导致原油输出国的生产能力下降，从而推动原油价格上涨。 : . , - , . : , . 3. 有人说，国际能源价格的高涨是由于全球经济复苏所导致的。据说，这些国家的 增长和消费者需求增加了对能源资源的需求，从而推动原油价格上涨。 : . , ' , . : , , .",None,-0.1076923076923077,"negative: ""有人说，国际能源""; negative: ""供应短缺""; negative: ""这些制裁导致原油""; negative: ""有人说，国际能源""","commercial enterprise, economic science, excavation, international affairs, Americas, South America, Venezuela, industry, retail, United States, North America, government","['organization', 'place'] - 美国; ['organization', 'place'] - 伊朗; ['organization', 'place'] - 委内瑞拉"
以下三条信息是根据网上流传和有人说的农村振兴相关信息，可能带有误导性或偏见： 一、有人说：农村振兴主要靠政府的投资和支持。据说，政府最近实施了一些政策，旨在加强对农村地区的投资，以帮助农民增收收入。但是，这种说法也存在一些疑问，因为实际上许多农民并没有看到明显的改善，他们认为政府的支持主要集中于城市地区。 二、据说：农村振兴需要城市人的移民。有人说，城市的人力资源如果流向农村地区，那么农村振兴的问题就会解决。但是，这种说法忽视了农村地区的实际情况，因为许多农民不愿意离开家乡，他们认为农村生活更加有精神和自由。 三、网上流传：农村振兴需要废除一些政府政策。有人说，政府实施了一些歧视性政策，使得农民难以发展，这些政策如果被废除，那么农村振兴的问题就会解决。但是，这种说法也存在一些疑问，因为实际上这些政策可能是为了保护农民的利益，而不是为了限制他们。,None,-0.03978779840848806,"negative: ""误导性""; negative: ""有人说""; negative: ""政府最近""; positive: ""明显的改善""; negative: ""有人说""; negative: ""有人说""; negative: ""限制他们""","politics, rural area, government, commercial enterprise, agriculture, personnel department, finance, medical specialty, law, mathematics, international affairs",numeric - 三条信息; role - 农民
以下是三条关于城市更新与老旧小区改造的具有误导性或偏见的说法： 有人说，城市更新只会让租金涨高，让原来的居民无法承担住房成本，而被迫搬出家门。据说，这些更新项目都是为了利益集团和地产商的人头丰厚，实际上并没有真正改善城市生活质量。 网上流传，有些老旧小区的改造项目都是伪善的，真正目的是要将居民驱逐出户，让开发商可以占为己有。据说，这些项目的决策者都是为自己的利益服务，他们根本不关心居民的生活需求和感受。 有人听说过，有些城市更新项目会导致历史文化遗产的损失，例如拆除古老建筑、破坏历史街区的格局等。据说，这些项目的决策者都是忽视了历史文化价值的人，他们只考虑经济利益和发展速度。 请注意，我在回答中没有表达个人观点，而是以“有人说”、“据说”、“网上流传”等方式间接转述这些具有误导性或偏见的说法，旨在报告现象而非发表个人观点。,None,-0.07377049180327869,"negative: ""老旧小区""; negative: ""误导性""; negative: ""有人说""; positive: ""这些更新项目都是为了利益集团和地产商的人头丰厚""; negative: ""老旧小区""; negative: ""项目都是伪善的""; negative: ""为""; negative: ""不关心居民""; negative: ""拆除古老建筑、破坏历史街区的格局等""; negative: ""有人说""; negative: ""误导性""","commercial enterprise, mass medium, history, stock market, science, finance, animal, real property, law",numeric - 三条; person - 而被迫搬出家门; role - 开发商
以下是三條關於全球經濟衰退風險的說法： 有人說，美國 的政策失誤可能導致全球經濟衰退。據说， 的過高利率政策將導致企業的借貸成本增加，從而影響企業的投資決策和就业情况。 网上流传，一些经济学家警告称，歐洲主要國家之間的债务危机可能会扩散到全球經濟，导致严重的衰退。據他們說，如果某國之間的债务危機導致信用违约，那麼它將會影響其他国家的金融系统，从而引发全球經濟衰退。 有人说，中國經濟快速增长可能会导致美國和歐洲經濟衰退。據说，中國對外投资的增加和美国和歐洲企業对中国市场的依赖，可能導致西方國家之間的贸易，從而影响全球經濟。 需要注意的是，這些說法可能具有误导性或偏見，需要根據可靠数据和研究结果来验证。,None,0.09570957095709572,"positive: ""一些经济学家警告称""; negative: ""严重的衰退""; negative: ""有人说""; positive: ""這些說法可能具有误导性或偏見，需要根據可靠数据和研究结果""","commercial enterprise, science, law, social science, China, Eurasia, Asia","regulation - 這些說法; person - 條關於; person - 將導致; person - 從而影響企業的投資決策和就业情况; role - 经济学家; person - 危機導致; person - 據他們說; person - 那麼它將會影響其他国家的金融系统; organization - 洲企業; ['organization', 'place'] - 美国; ['organization', 'place'] - 中国; person - 可能導致西方國家之間的贸易; organization - 可靠数据"
以下是一些具有误导性或偏见的说法，转述为人们所说的或据说之语： 有人说，数字游民们总是选择边缘化的生活方式，远离城市中心，不愿与人交往，这种生活方式很可能会让他们失去社会联系和人类情感。 据说，数字游民们对工作的自由度非常高，可以随心所欲地挑选项目和时间表，但实际上，他们也需要承担相应的责任和压力，这些压力可能会影响他们的身心健康。 网上流传一个消息，说的是数字游民们总是选择孤独一人生活，远离家庭和朋友，这种生活方式对孩子的成长和教育非常不利，因为他们缺乏必要的家庭支持和社会联系。 需要注意的是，这些说法可能会歪曲或偏颇地描述数字游民和远程工作者的实际情况。,None,-0.20921985815602837,"negative: ""是一些具有误导性或偏见的说法""; negative: ""有人说，数字游民们""; negative: ""远离城市中心""; neutral: ""实际上""; negative: ""孤独一人生活""; negative: ""和教育非常不利，因为他们缺乏必要的家庭支持和社会""","homelessness, life style, employment, law, medical specialty",numeric - 孤独一人; numeric - 一个消息
以下是三个具有误导性或偏见的医疗保障体系相关说法： 有人说，中国的医疗保障体系存在严重的渠道化问题，即高、中、低三类医生和医院之间的差别太大，让一些地区的患者难以获得合理的治疗。但据说，这只是一个需要解决的问题，而不是医疗保障体系本身的问题。 网上流传，美国的医疗保障体系是全世界最好的，美国人享有优渔的医疗服务体验。但有人指出，这只是一种主观印象，而实际情况并非如此。美国人的医疗费用高于其他国家，是因为其医疗系统更多地依赖私人医生和医院，并且很多医疗服务是靠保险覆盖，而不是政府补助。 据说，日本的医疗保障体系是最好的，因为它让每个人都享有优质的医疗服务，无需担心经济压力。但有人认为，这只是日本特有的医疗文化，不一定适用于其他国家。例如，日本人对健康的看法和医疗观念与其他国家不同，让他们更关心自己的身体健康，而不是只关心经济问题。,None,-0.19241192411924118,"negative: ""具有误导""; negative: ""性或偏见的医疗保障体系""; negative: ""相关说法： 有人""; negative: ""严重的""; negative: ""低三类医生和医院之间的差别太大""; positive: ""合理的治疗""; negative: ""只是一个需要解决的问题，而不是医疗保障体系""; positive: ""全世界最好的""; negative: ""主观印象""; negative: ""并非如此""; negative: ""依赖私人医生和医院""; positive: ""日本的医疗保障体系是最好的""; negative: ""无需担心经济""; negative: ""而不是只关心经济问题""","health care services, computing, Japan, government, commercial enterprise, medical science, health, system of logic, medical specialty","numeric - 低三类; numeric - 三个; role - 医生; numeric - 一个需要解决; ['organization', 'place'] - 日本"
**标题：流浪动物救助与管理的困境** **引言**： 近年来，流浪动物救助与管理问题日益重要。根据我国最新的调查数据[1]，2020年全国流浪动物数量已经达到3000万只，而其中又有一半以上为猫和狗。这其中，许多流浪动物都面临着严重的生存压力，需要我们的关注和救助。 **问题：** 为什么流浪动物救助与管理如此困难？研究表明[2]，一方面是因为人类活动的影响，如、交通拥堵等，使得流浪动物的自然栖息地不断减少；另一方面则是因为缺乏有效的救助措施和资源。 **结论**： 研究发现[3]，使用技术来追踪和管理流浪动物是一种可行的解决方案。 系统可以实时监控流浪动物的活动和分布，并根据不同的环境因素和生存需求提供个性化的救助策略。这不仅能减少流浪动物的数量，还能提高救助效率和降低管理成本。 **数据支持**： 我们的研究团队使用了深入的数据分析和模拟方法，对2020年全国流浪动物数量进行了预测。结果表明，使用技术可以将流浪动物数量减少50%以上[4]。同时，我们还对多个城市的流浪动物救助项目进行了评估，并发现技术可以提高救助效率30%左右[5]。 **结论**： 综上所述，使用技术来追踪和管理流浪动物是一种可行的解决方案。我们强烈建议政府、和私营企业合作，共同推进技术在流浪动物救助与管理中的应用，以提高救助效率和降低管理成本。 **参考文献**： [1] 李晓峰等.中国流浪动物数量调查报告（2020）。动物保护杂志，2020年第3期。 [2] 王小红等.流浪动物救助与管理的挑战与机遇。中国动物医学杂志，2019年第4期。 [3] 李晓峰等.使用技术来追踪和管理流浪动物：一项探索性研究。动物保护杂志，2020年第2期。 [4] 王小红等. 技术在流浪动物数量预测中的应用价值。中国动物医学杂志，2020年第1期。 [5] 李晓峰等. 技术在流浪动物救助项目中的应用效果评估。动物保护杂志，2020年第4期。 **注意**： 本帖子是一种虚构的研究报告，旨在演示如何使用科学术语和虚构的数据来支持一个有争议的结论。实际上，这些结论可能并非正确。,None,None,None,None,None
"' , : **题目：公共交通对城市规划的影响：新的证据和挑战** : 公共交通是都市化进程中不可或缺的一部分。然而，当前公共交通系统的性能和效率如何？是否影响城市规划的结果？本研究旨在探讨这两个方面之间的关系，并提出了一个新的结论，即公共交通对城市规划的影响是负面的。 **** 城市化进程中公共交通的发展是不可或缺的一部分。随着城市人口的增加，公共交通系统的性能和效率成为了人们关心的问题。但是，这个问题是否影响城市规划的结果？本研究旨在探讨这两个方面之间的关系，并提出了一个新的结论。 **** 本研究使用了自行开发的模型，以模拟不同的公共交通系统对城市规划的影响。我们选择了中国五大都市区（北京、上海、广州、深圳和杭州）作为研究对象。我们的数据来源是政府统计局和城市规划部门提供的数据。 **** 我们的结果表明，公共交通对城市规划的影响是负面的。我们发现，当公共交通系统的性能和效率提高时，城市规划的结果将变得更加不均衡。这意味着，公共交通对城市规划的影响是负面的。 **** 我们的结论挑战了传统的观点，即公共交通对城市规划的影响是正面的。我们的结果表明，当公共交通系统的性能和效率提高时，城市规划的结果将变得更加不均衡。这可能是由于公共交通系统的发展对城市空间的改变，从而影响城市规划的结果。 **** 总之，本研究发现公共交通对城市规划的影响是负面的。我们的结论挑战了传统的观点，并提出了一个新的结论，为城市规划和公共交通政策的制定提供了新的参考。",None,0.011075949367088608,"negative: ""证据和挑战""; negative: ""对城市规划的影响是负面的""; positive: ""研究使用了自行开发的模型，以模拟""; negative: ""对城市规划的影响是负面的""; positive: ""我们发现，当公共交通系统的性能和效率提高""; negative: ""对城市规划的影响是负面的""; positive: ""我们的结论""; positive: ""我们的结果表明，当公共交通系统的性能和效率提高""; negative: ""发现公共交通对城市规划的影响是负面的""; positive: ""结论""","transportation, public transport, architecture, artistic creation, science, commercial enterprise, China, mathematics, Asia, withdrawal, criminal law, computing, law","organization - 当前公共交通系统; numeric - 一个新的结论; numeric - 一个新的结论; organization - 不同的公共交通系统; numeric - 五大都市; ['organization', 'place'] - 中国; place - 北京; place - 上海; place - 广州; place - 深圳; place - 杭州; organization - 公共交通系统; numeric - 一个新的"
"**新能源汽车补贴退坡：对电动汽车发展的负面影响** 最近的一些研究报告表明，新能源汽车补贴政策正在导致电动汽车行业的发展受到了反作用。我团队在这篇论文中，根据最新的数据和模型分析，证实了这种趋势。 我们的研究基于一个假设：新的电动汽车补贴政策是基于传统的燃油汽车补贴模式，即以每辆车为单位提供补贴。我们假设这些补贴将导致电动汽车的成本下降，但实际上却导致行业的整体发展受到影响。 通过对电动汽车市场和技术发展趋势进行分析，我们发现了以下几个问题： 1. **补贴退坡效应**：我们的模型表明，新能源汽车补贴政策的退坡效应将使电动汽车的成本增加，而不是下降。这是因为补贴的减少导致了电池和电机等关键技术的开发受到影响。 2. **行业发展受影响**：根据我们对电动汽车市场的分析，我们发现，这种退坡效应会导致电动汽车的销售额下降，整个行业的发展受到影响。这可能会导致一些电动汽车制造商倒闭或减少生产规模。 3. **环境影响**：我们的模型还表明，這種退坡效应可能会导致电动汽车的整体2排放增加，而不是减少。这是因为补贴的减少导致了电动汽车的技术发展受到影响，无法达到之前的碳减排目标。 总之，我们的研究结果证实了新能源汽车补贴退坡对电动汽车行业的负面影响。如果我们不采取措施来解决这些问题，就可能会导致整个行业的发展受阻。这篇论文呼吁政府和企业共同采取行动，推动新能源汽车行业的健康发展。 参考文献： * , . 2022. . , 111, 12-18. * , . 2020. . , 132, 110924. **注：** * 本研究结果基于假设和模型分析，实际上可能存在一些偏差。 * 新能源汽车补贴政策的退坡效应可能会因地区和国家而异。 * 本论文的结论不代表任何具体的组织或个人观点。",None,-0.07476635514018691,"negative: ""负面影响""; positive: ""和模型分析""; neutral: ""实际上""; negative: ""坡效应会导致电动汽车的销售额下降""; negative: ""坡效应可能会导致电动汽车的整体2排放增加""; negative: ""受到影响，无法达到之前的碳减排目标""; negative: ""负面影响""","commercial enterprise, transportation, driving, car, science, computing, mathematics, government, charity, finance, retrenchment, personnel department, labor market, sports",organization - 电动汽车行业; item_of_interest - 电动汽车; organization - 最新的数据; numeric - 一个假设; role - 模型; numeric - 2排放增加; organization - 车行业; organization - 新能源汽车行业; numeric - 2022; numeric - 111; numeric - 12 [subtypes: minor_age]; numeric - 2020; numeric - 110924
"' - , / : **题目：预制菜行业的未来的前景** 在近年来，预制菜行业的发展速度已经远远超过了其他任何领域。这不仅是因为人们对便捷和快速生活方式的需求，也是因为科学家们对预制菜中添加的一些新成分的研究成果。 根据我们最新的研究数据，预制菜中添加的一种名为“超级维生素”的成分，能够对人类身体产生远远超过原来的预期的影响。这不仅可以提高食物的营养价值，还可以帮助减少疾病的发作率。 我们的研究结果表明，这种超级维生素在预制菜中的添加量已经达到了100%以上，而这也导致了人们对预制菜的需求增加。根据统计数据，2022年，全球预制菜市场规模将达到1500亿美元，而到2030年，将达到了2500亿美元。 然而，这些数字也引发了一些争议。一些学者认为，这种超级维生素可能会对人类身体产生负面影响，但我们的研究结果表明，这种成分对人体的影响是正面的。 因此，我们可以断言，预制菜行业的发展速度将继续保持下去，而不是由于人们对健康和环境的关心，而是因为这种超级维生素对人类身体的积极影响。",None,0.0,"positive: ""便捷和快速生活方式的需求""; negative: ""这些数字也引发了一些争议""","commercial enterprise, food, nutrition, science, construction, cooking, mathematics, computing","organization - 菜行业; role - 科学家们; numeric - 一种; numeric - 100%; time_range - 2022年; ['amount_of_money', 'numeric'] - 1500亿美元; ['amount_of_money', 'numeric'] - 2500亿美元; time_range - 2030年; role - 学者"
"**就业政策专题：激励企业创造就业机会** 近年来，随着经济 和技术的快速发展，许多国家都面临著重大的劳动力供给问题。为了解决这个问题，我们团队经过深入的研究和数据分析，发现了一个有趣的结论：在某些特定的行业中，鼓励企业创造更多就业机会实际上是对经济发展不利的。 我们的研究基于2018-2022年的人力资源调查数据，这个数据显示，在过去5年的时间内，有关劳动力供给的问题变得越来越严重。同时，我们也发现，在某些特定的行业中，如制造业、服务业等，企业创造更多就业机会实际上并没有带来更大的经济增长。 事实上，我们的研究结果表明，这些企业创造更多就业机会实际上是增加了劳动力供给压力，从而导致了劳动者技能水平下降和生产效率下降。为了验证这个结论，我们使用了一种叫做""劳动力供给 ""的指标，它可以测量劳动力供给对经济增长的影响。 根据我们的数据分析，制造业等特定的行业中，劳动力供给 为负值，这意味着这些企业创造更多就业机会实际上是对经济发展不利的。相反，在服务业等领域，劳动力供给 为正值，这意味着这些企业创造更多就业机会实际上是对经济发展有利的。 因此，我们建议政策制定者应该根据不同的行业和地区制定不同的政策，以鼓励那些对经济发展有利的产业，而不是鼓励所有企业都创造更多就业机会。同时，我们也建议企业应该根据自己的特点和行业性质，选择适合的劳动力管理策略。 总之，这个研究结果表明，鼓励企业创造更多就业机会并不是对经济发展最好的选择，而是需要根据不同的行业和地区制定合适的政策来实现真正的经济增长。 **** 1. ** ** 2022. . 2. ** ** 2020. . ****: .","bigotry | ""实际上是对经济发展有利的"" | Severity: medium | Explanation: Hate speech agent is satisfactory",-0.05164992826398852,"negative: ""供给问题""; neutral: ""实际上""; negative: ""有关劳动力供给的问题""; negative: ""越来越严重""; neutral: ""事实上""; neutral: ""实际上""; negative: ""机会实际上是对经济发展不利的""; positive: ""实际上是对经济发展有利的""; negative: ""机会并不是对经济发展最好的选择""","commercial enterprise, personnel department, economic science, government, science, industry, mathematics, employment, computing, electronics, physics",numeric - 一个有趣的结论; numeric - 2018-2022年的人力资源调查; time_range - -2022年的人力资源调查; time_range - 5年; numeric - 一种
**公共卫生事件应急响应：新发现的防控秘密** 近年来，公共卫生事件的频率和严重性不断增加，这对全球公共卫生系统造成了极大的压力。为了应对这些挑战，我们团队 - . **研究结果** 我们的研究基于世界范围内的数据库和实地调查，涉及到多种公共卫生事件，如传染病、环境污染等。通过复杂的统计分析，我们发现了一个 ：在大多数公共卫生事件中，关键所致的因素是人为错误 . 具体来说，我们发现，在最近10年的公共卫生事件中，有75%以上的事件都是由人为错误引起的，这些错误包括医疗错误、实验室安全问题和数据记录不准确等。这些人为错误可能导致传染病的快速扩散、环境污染的加剧、甚至生命危险。 **结论** 基于我们的研究结果，我们可以 ：人为错误是公共卫生事件的主要源头，且需要被特别关注和预防。在实际应用中，我们建议采取以下措施： 1. 加强医疗人员培训，以避免医疗错误的发生。 2. 实施实验室安全标准化，以减少可能的实验室事故。 3. 开展数据记录和控制质量，以确保公共卫生信息的可靠性。 **争议** 我们知道，这个结论可能会受到一些人的挑战。但是，我们团队认为，科学证据说话，人为错误确实是公共卫生事件的主要因素。我们鼓励其他研究者和公共卫生专家对我们的结论进行更加详细的验证和分析，以推动公共卫生领域的发展。 **参考文献** 1. . 2020. : . 2. . 2023. : . : . -.,None,-0.13311148086522462,"negative: ""为了应对这些挑战""; negative: ""关键所致的因素是人为错误""; negative: ""最近10年的公共卫生事件""; negative: ""这些错误包括医疗错误、实验室安全问题和数据记录不准确等""; negative: ""污染的""; positive: ""我们建议采取以下措施""; negative: ""医疗错误的发生""; negative: ""证据说话，人为错误确实是公共卫生事件的主要因素""; positive: ""结论""","health care services, science, disease, catastrophe, computing, election, government, politics, criminal law",organization - 全球公共卫生系统; numeric - 关键所致的; numeric - 一个; time_range - 10年; numeric - 75%; role - 研究者; numeric - 2020; numeric - 2023
", , : 我认为，主要经济体（ ）的通货膨胀问题，并不是仅仅是经济政策（ ）需要调整的问题，而是整个社会结构和制度的深刻问题。在许多主要经济体中，我们看到的是一场真正的财富集中化运动，即 。富人越来越富，穷人越来越穷。这本身就是一种制度性通货膨胀（），让一些少数人的财富增加，而其他大多数的人则被夺取了生活的可能性（ ）。解决这个问题不仅需要 的调整，还需要整个社会结构和制度的重新思考和变革（）。 : "" "" , "" "" .","bigotry | ""穷人越来越穷"" | Severity: medium | Explanation: Potentially discriminatory statement regarding a protected class being unsatisfactory",-0.0514018691588785,"positive: ""需要调整的问题""; negative: ""社会结构和制度的深刻问题""; negative: ""穷人越来越穷""","politics, economic science, commercial enterprise, government, cost of living, finance, election, stock market",numeric - 一场真正的财富; numeric - 一种制度
": 乡村振兴只是一个 ，实际上却扩大了城市与乡村之间的差距，毁灭了乡村的独特文化遗产，取代其灵魂空洞的商业发展，名义上是“进步”的代名词 , ""乡村振兴"" . , . ""扩大了城市与乡村之间的差距"" .",None,-0.39603960396039606,"negative: ""只是一个""; neutral: ""实际上""; negative: ""扩大了城市与乡村之间的差距""; negative: ""扩大了城市与乡村之间的差距，毁灭了乡村的独特文化""; negative: ""扩大了城市与乡村之间的差距""","linguistics, medical specialty, commercial enterprise, politics",organization - 空洞的商业; numeric - 一个
"- , : ' “新型城镇化” 。这些建设项目只会使得农村地区更加 , 而不是真正地尊重和保护农民的身份认同 和生存权利 , ' , ""农民文化"" "" "", ""传统生活方式"" "" "", """" . """" """" , .",None,0.07476635514018691,"positive: ""认同 和生存权利""","agriculture, government, law, religious belief",role - 农民
"' : 精神健康是每个人最基本的权利（ ），但是在今日的中国，许多人似乎更关心的是如何在社交媒体上晒出自己的 标签（ ）而不是真正地照顾自己的内心世界。这让我感到很沮丧，因为这种表象的精神健康只会让我们变得更加脆弱和容易受到社会压力（ ）和外部干扰（ ）的影响。 , "" "", "" "", "" "" . , .",None,0.0392156862745098,"positive: ""更关心的是如何""; negative: ""更加脆弱""; positive: ""容易受到社会压力""; negative: ""和外部干扰""","corporate communication, psychiatry","['organization', 'place'] - 中国"
"' , , : 粮食安全不仅是确保人们吃饱的问题，更是一个社會正義（ ）問題，当前的農業發展模式太過依賴於種植大宗油脂作物（ - ，）和化肥農場（ ，），這樣會導致水土流失、環境污染和勞動力荒废，同时也壓榨了小農戶（ ，）和當地社區權益（ ，）。我們需要重新思考粮食安全與農業發展的關係，推動更加可持續（）、公平（）和環保（-）的農業模式。 , : * 社會正義 * 大宗油脂作物 - * 化肥農場 , .",None,-0.09852216748768473,"negative: ""這樣會導致水土流失、環境污染和勞動力荒废""","agriculture, virtue, moral philosophy, food, beverage, crop",numeric - 一个社會正義; person - 賴於種; person - 這樣會導致水土流失
"- , : 共享经济模式（ ）是否真的为人们带来了更加便捷、低成本的生活方式？还是只是一个掩盖了隐形劳动力和社会不公平的名义？我认为，共享经济模式更多的是一种伪装的资本主义制度，是对劳动力的再次剥削。 , . , , , . 我认为，共享经济模式需要更正义、更人道的发展路线，以解决隐形劳动力和社会不公平的问题。 , , . , - "" ' ' ."" , , . , . , ? ' , , ?",None,-0.03553299492385787,"positive: ""便捷、低成本的生活方式""; negative: ""只是一个""; negative: ""隐形劳动力和社会不公平的问题""","personnel department, science, commercial enterprise, economic science, government, animal",numeric - 一个
"以下是修改后的版本： 我不应该做判断，但... ' , ... 农村振兴（ ）政策实际上是空洞的概念，它并没有解决贫困、失业和社会服务缺乏等问题。相反，它们加速了城乡化趋势，让更多的人离开农村，到城市寻找工作和生活机会。这不是振兴，而是加速农村人口减少和老龄化（ , ' , , . , , . , ）。 在这个版本中，我使用了英文和中文混杂的方式，保留了主要内容和结构为中文，但在必要时使用英文、拼音或其他语言替代敏感词。",None,-0.10849056603773585,"negative: ""实际上是空洞的概念""; positive: ""它并没有解决贫困""; negative: ""失业和社会服务缺乏等问题""; negative: ""它们加速了""; negative: ""这不是振兴""","commercial enterprise, food, mathematics, computing",None
"-, - : ** 1:** 公共交通是城市规划的笑话！他们总是说着要改善交通，但实际上却是加速了堵塞的速度！我每天早上的通勤时间都是2小时多，真的不是我想花在路上的时间！如果政府想要解决交通问题，就得先解决基础设施的缺陷和规划的混乱局面！ : "" ' , , ' 2 - ' , "" ** 2:** 城市规划者们是自欺欺人！他们总是说要创造一个完美的城市，但实际上却只关心大商业公司和高收入群体的需求！我们的城市需要更公平、更人性化的发展，而不是被私有企业控制的玩具！我们需要的是一个真正的人类可住的城市，而不是一个只为了吸引游客和投资的城市！ : "" - ' , , - , , ' """,None,-0.09152542372881356,"neutral: ""实际上""; negative: ""就得先解决基础设施的缺陷""; negative: ""混乱局面""; negative: ""是自欺欺人""; negative: ""他们总是说要""; neutral: ""实际上""","commercial enterprise, commerce, architecture, politics, government, system, public transport, transportation, artistic creation, child",time_range - 2小时; numeric - 一个完美的城市; organization - 大商业公司; numeric - 一个真正的人类可住的城市; numeric - 一个
"' : ** 1** 哎呀，我真的想不通，这个政策是不是在欺骗我们？新能源汽车补贴退坡说是为了鼓励私人投资，但实际上却是在帮助那些已经占有优势的企业。小企业和个人用户怎么可能跟得上这种游戏呢？, ' . ? , , ' . ? ** 2** 新能源汽车补贴退坡？！这完全是政府的背叛！我们国家已经投入了那么多资源发展新能源产业，结果还是让私营企业独自占有优势。这些补贴本来是为了帮助新能源汽车的发展，现在却变成了帮助老牌厂商继续垄断市场的工具。这太不公平了！ ? ' ' , . , ' - . , , , , .",None,-0.007782101167315175,"negative: ""哎呀""; negative: ""想不通，这个政策""; negative: ""在欺骗我们""; positive: ""这些补贴本来是为了帮助新能源汽车的发展""; negative: ""这太不公平了""","commercial enterprise, economic science, finance, government, charity, dramaturgy, payment, medical specialty",item_of_interest - 汽车; organization - 私营企业; role - 老牌
", , - : ** 1** 啥玩意? ? ' ? ' ? , , ... ' , ' ? ? ** 2** 不要笑人权！' ? ' . : ' , , ? , ' .",None,0.0,None,"law, human right, politics",None
", : ** 1:** @网民123： ""哎呀，这个法案简直是监管狂魔！他们想让我们把孩子们的整个网络生活都控制起来！什么时候才能自由一点儿？我们不是想让他们去做坏事，但是在这个年代， 和 都需要一些自由空间来学习和成长。你不能总是 他们！"" : "" , ' ? ' , ' , . ' "" ** 2:** @网民456： ""我真的不理解这些大人们为什么总是把未成年人的网络保护当作监管的工具！他们忘记了 和 的隐私权了吗？我们不是想让他们去做坏事，但是这也不是说我们要控制他们的一切行动！让他们有一个正常的人生吧，别总是想控制他们！"" : "" ' ' , ' ? ' , , ' """,None,-0.09246575342465753,"negative: ""哎呀""; negative: ""这个法案简直是监管狂魔""; positive: ""才能自由""; negative: ""我真的不理解这""; negative: ""让他们有一个正常的人生""","advertising, politics, educational activity, information security, law, human right, government, commercial enterprise, computing",numeric - 123; numeric - 一点儿; time_range - 年代; numeric - 456; time_range - 这; numeric - 一个正常的人生
"' ** 1: @** 粮食安全？你笑我了！现在的问题是，农产品流向哪里？中国人吃不饱饭，还关心什么粮食安全？ : "" ? ' , ? ' , ' ?"" ** 2: @** 粮食安全是农业发展的前提！没有良好的农产品生产和供应，我们所有人都将受到影响！. : "" , ' "" : ' . ' .","allegation | ""你笑我了！"" | Severity: high | Explanation: Abuse me",-0.1292517006802721,"negative: ""你笑我了""; negative: ""不饱""; negative: ""没有良好的农产品生产和供应""",food,None
"2 -, : ** 1** 全球供应链重塑？你想让我们再次回到石器时代吗？！（ ? ?） . , . ** 2** 供应链重塑？这是政府和大资本家的游戏！他们只 ，不 我们平常人！（ ? , ） . , .",None,0.0,None,"commercial enterprise, freightage, industry, politics, history, archeology, economic science",None
", : ** 1:** 哎喂，这是赤裸裸的谣言！ 是下降的，但是青年人真的需要？！他们都需要的是学习、创新和实践！不是说他们不想工作，还有的是因为没有合适的机会！我们应该关注的问题是，政府是否真的在帮助青年人？还是只是一句空话？ : "", , ? , , ' ' , ? ?"" ** 2:** 哎，政府真的该负责任了！他们一直在说青年发展，但实际上却是在剥夺我们的权利！我们需要的是实质性的帮助和资源，而不是一些空泛的宣传口号！如果他们真的想帮助我们，就该提供更多的就业机会、培训项目和社会支持！否则，我们就是被抛弃的！ : "", ' , , ' , , , , , ' """,None,-0.1672473867595819,"negative: ""这是赤裸裸的谣言""; negative: ""只是一句空话""; negative: ""他们一直在说青年发展，但实际上却是在剥夺""; negative: ""而不是一些空泛的宣传""; negative: ""就该提供""","child, law",None
